
{
    "parameters": [
        0,
        2,
        2,
        1
    ],
    "val_mse": 976.0348926291146,
    "train_mse": 199.23942773448982
}