{
    "parameters": [
        0,
        2,
        2,
        1
    ],
    "val_mse": 976.0348901741778,
    "train_mse": 199.2394277380471
}